,o_Title,o_Author,Title,Author,Query,URLs,Match
0,Vliv chemické struktury plniva na lisování tablet léčiv,"RYSL, T.; ŘEHULA, M.; P. KLEMERA, R.A.D.Á.M.E.K.",Vliv chemické struktury plniva na lisování tablet léčiv,RYSL,RYSL Vliv chemické struktury plniva na lisování tablet léčiv pdf,['https://docplayer.cz/13129574-Vliv-chemicke-struktury-plniva-na-lisovani-tablet-leciv-tomas-rysl-a-milan-rehula-a-roman-adamek-a-a-petr-klemera-b-uvod.html'],1
1,Tubes for detection of cholinesterase inhibitors—Unique effects of Neusilin on the stability of butyrylcholinesterase-impregnated carriers,"ZEMAN, J.; VETCHÝ, D.; PAVLOKOVÁ, S.; FRANC, A.; PITSCHMANN, V.; DOMINIK, M.; I. ŠEDĚNKOVÁ, M.U.R.B.A.N.O.V.Á.",Tubes for detection of cholinesterase inhibitors—Unique effects of Neusilin on the stability of butyrylcholinesterase-impregnated carriers,ZEMAN,ZEMAN Tubes for detection of cholinesterase inhibitors—Unique effects of Neusilin on the stability of butyrylcholinesterase-impregnated carriers pdf,['https://reader.elsevier.com/reader/sd/pii/S0141022919300699?token=91FF8C3D97BD2E21C7863209B3B3D612D6354F4FCC4B4D3484F11126C7D2C7184A673514EEF8D0856D57A466C8026790&originRegion=eu-west-1&originCreation=20230317192442'],1
2,"New method of preparing high-porosity rapidly saliva soluble compressed tablets using mannitol with camphor,a subliming material","KOIZUMI, K.-C.; WATANABE, Y.; MORITA, K.; M. MATSUMOTO, N.U.T.O.G.U.C.H.I.","New method of preparing high-porosity rapidly saliva soluble compressed tablets using mannitol with camphor,a subliming material",KOIZUMI,"KOIZUMI New method of preparing high-porosity rapidly saliva soluble compressed tablets using mannitol with camphor,a subliming material pdf",['https://reader.elsevier.com/reader/sd/pii/S0378517397049247?token=17728AE8DCA02666DA4893958EBD18BADFFBC6F60FC6474C1298F11E6A3A11572528AF7D0C64DCFCD6E1F7999F13416C&originRegion=eu-west-1&originCreation=20230317192506'],1
3,"Příprava a hodnocení pelet s anorganickým sorbentem. Brno,2017. Diplomová práce","DOMINIK, M.","Příprava a hodnocení pelet s anorganickým sorbentem. Brno,2017. Diplomová práce",DOMINIK,"DOMINIK Příprava a hodnocení pelet s anorganickým sorbentem. Brno,2017. Diplomová práce pdf",[],0
4,"Příprava a hodnocení pelet s obsahem Neusilinu pro detekci inhibitorů cholinesteráz. Brno,2018. Diplomová práce","BLAŽKOVÁ, Z.","Příprava a hodnocení pelet s obsahem Neusilinu pro detekci inhibitorů cholinesteráz. Brno,2018. Diplomová práce",BLAŽKOVÁ,"BLAŽKOVÁ Příprava a hodnocení pelet s obsahem Neusilinu pro detekci inhibitorů cholinesteráz. Brno,2018. Diplomová práce pdf",[],0
5,Metody farmaceutické technologie v přípravě pelet pro detekci inhibitorů acetylcholinesterasy,"VETCHÝ, D.; I. TUŠAROVÁ, H.L.E.Š.T.I.N.O.V.Á.",Metody farmaceutické technologie v přípravě pelet pro detekci inhibitorů acetylcholinesterasy,VETCHÝ,VETCHÝ Metody farmaceutické technologie v přípravě pelet pro detekci inhibitorů acetylcholinesterasy pdf,['https://www.prolekare.cz/casopisy/ceska-slovenska-farmacie/2012-5-4/metody-farmaceuticke-technologie-v-priprave-pelet-pro-detekci-inhibitoru-acetylcholinesterasy-39312/download?hl=cs'],1
6,Effect of the formulation parameters on the characteristics of pellets,"FEKETE, R.; ZELKÓ, R.; I. RÁCZ, S.M.A.R.T.O.N.",Effect of the formulation parameters on the characteristics of pellets,FEKETE,FEKETE Effect of the formulation parameters on the characteristics of pellets pdf,"['http://www.tjps.pharm.chula.ac.th/ojs/index.php/tjps/article/view/241/157', 'https://www.academia.edu/33602282/Physical_properties_of_chitosan_pellets_produced_by_extrusion%C3%81_spheronisation_influence_of_formulation_variables', 'https://www.pharmaexcipients.com/wp-content/uploads/attachments/1156-3051-1-PB.pdf?t=1459226257', 'https://doktori.bibl.u-szeged.hu/id/eprint/1057/1/final_dissertation.pdf']",0
7,Study of parameters important in the spheronisation process,"BAERT, L.; VERMEERSCH, H.; REMON, J.P.; D. L. MASSART, J.S.M.E.Y.E.R.S.-V.E.R.B.E.K.E.",Study of parameters important in the spheronisation process,BAERT,BAERT Study of parameters important in the spheronisation process pdf,['https://reader.elsevier.com/reader/sd/pii/0378517393902314?token=8D0BAE675A65191C093E529480284CC58165B24D51F82AA9E9D21352BC2C55B6244F17D615041D26E613E5A33A240198&originRegion=eu-west-1&originCreation=20230317193319'],1
8,Factors influencing the physical characteristics of pellets obtained by extrusion-spheronization,"SOUSA, J.J.; SOUSA, A.; J. M. NEWTON, F.P.O.D.C.Z.E.C.K.",Factors influencing the physical characteristics of pellets obtained by extrusion-spheronization,SOUSA,SOUSA Factors influencing the physical characteristics of pellets obtained by extrusion-spheronization pdf,['https://reader.elsevier.com/reader/sd/pii/S0378517301009085?token=637625919924D83E0F743AB66F4776F598C109BE9246F468DCDC9D90C1A53AF0F06F31DD8B9D163BEFD44445C95CAA70&originRegion=eu-west-1&originCreation=20230317193353'],1
9,"The influence of five selected processing and formulation variables on the particle size,Particle Size Distribution,and Friability of Pellets Produced in a Rotary Processor","VERTOMRNEN, J.a R.K.I.N.G.E.T.","The influence of five selected processing and formulation variables on the particle size,Particle Size Distribution,and Friability of Pellets Produced in a Rotary Processor",VERTOMRNEN,"VERTOMRNEN The influence of five selected processing and formulation variables on the particle size,Particle Size Distribution,and Friability of Pellets Produced in a Rotary Processor pdf",[],0
10,Micromeritic and packing properties of diclofenac pellets and effects of some formulation variables,"RODRIGUEZ, E.C.; TORRADO, J.J.; NIKOLAKAKIS, I.; TORRADO, S.; S. MALAMATARIS, J.L.L.A.S.T.R.E.S.",Micromeritic and packing properties of diclofenac pellets and effects of some formulation variables,RODRIGUEZ,RODRIGUEZ Micromeritic and packing properties of diclofenac pellets and effects of some formulation variables pdf,['https://www.researchgate.net/publication/11654400_Micromeritic_and_Packing_Properties_of_Diclofenac_Pellets_and_Effects_of_Some_Formulation_Variables'],1
11,Elektronová mikroskopie pro předmět „Instrumentální analytické metody ve farmaceutické technologii“. Studijní materiál a návod pro praktická cvičení,"KOS℡ANSKÁ, K.a J.G.A.J.D.Z.I.O.K.",Elektronová mikroskopie pro předmět „Instrumentální analytické metody ve farmaceutické technologii“. Studijní materiál a návod pro praktická cvičení,KOS℡ANSKÁ,KOS℡ANSKÁ Elektronová mikroskopie pro předmět „Instrumentální analytické metody ve farmaceutické technologii“. Studijní materiál a návod pro praktická cvičení pdf,['https://www.vfu.cz/files/3130_69_kostelanska_studijni-material_prakticke-cviceni_iva.pdf'],1
12,Use of extrusion-spheronization to develop an improved oral dosage form of indomethacin,"DEASY, P.B.a M.F.L.L.A.W.",Use of extrusion-spheronization to develop an improved oral dosage form of indomethacin,DEASY,DEASY Use of extrusion-spheronization to develop an improved oral dosage form of indomethacin pdf,['https://reader.elsevier.com/reader/sd/pii/S0378517396048466?token=CD950795D268F87053AF0797D0CAD0F7961540A1E530091B6E0A580BE1C7B1CCB7ACC2B1271FD15D4A8A456134604986&originRegion=eu-west-1&originCreation=20230317193709'],1
13,Determination of sphericity of pellets prepared by extrusion/spheronization and the impact of some process parameters,"LÖVGREN, K.a P.J.L.U.N.D.B.E.R.G.",Determination of sphericity of pellets prepared by extrusion/spheronization and the impact of some process parameters,LÖVGREN,LÖVGREN Determination of sphericity of pellets prepared by extrusion/spheronization and the impact of some process parameters pdf,[],0
14,"High shear mixer granulators. Drugs and the pharmaceutical sciences,1997,81,151-204","HOLM, P.","High shear mixer granulators. Drugs and the pharmaceutical sciences,1997,81,151-204",HOLM,"HOLM High shear mixer granulators. Drugs and the pharmaceutical sciences,1997,81,151-204 pdf",['https://www.researchgate.net/publication/241068459_Chapter_1_High_shear_granulation'],0
15,MUSELÍK J.;KEJDUŠOVÁ M.;KREJČOVÁ K.;DVOŘÁČKOVÁ K.;Vybrané instrumentální metody ve farmaceutické technologii,,MUSELÍK J.;KEJDUŠOVÁ M.;KREJČOVÁ K.;DVOŘÁČKOVÁ K.;Vybrané instrumentální metody ve farmaceutické technologii,nan,nan MUSELÍK J.;KEJDUŠOVÁ M.;KREJČOVÁ K.;DVOŘÁČKOVÁ K.;Vybrané instrumentální metody ve farmaceutické technologii pdf,[],0
16,KOS℡ANSKÁ K.;GAJDZIOK J.;Elektronová mikroskopie pro předmět „Instrumentální analytické metody ve farmaceutické technologii“. Standardní operační postup pro ovládání elektronového mikroskopu TESCAN Mira3,,KOS℡ANSKÁ K.;GAJDZIOK J.;Elektronová mikroskopie pro předmět „Instrumentální analytické metody ve farmaceutické technologii“. Standardní operační postup pro ovládání elektronového mikroskopu TESCAN Mira3,nan,nan KOS℡ANSKÁ K.;GAJDZIOK J.;Elektronová mikroskopie pro předmět „Instrumentální analytické metody ve farmaceutické technologii“. Standardní operační postup pro ovládání elektronového mikroskopu TESCAN Mira3 pdf,[],1
17,KOS℡ANSKÁ K.;GAJDZIOK J.;Elektronová mikroskopie pro předmět „Instrumentální analytické metody ve farmaceutické technologii“. Studijní materiál a návod pro praktické cvičení,,KOS℡ANSKÁ K.;GAJDZIOK J.;Elektronová mikroskopie pro předmět „Instrumentální analytické metody ve farmaceutické technologii“. Studijní materiál a návod pro praktické cvičení,nan,nan KOS℡ANSKÁ K.;GAJDZIOK J.;Elektronová mikroskopie pro předmět „Instrumentální analytické metody ve farmaceutické technologii“. Studijní materiál a návod pro praktické cvičení pdf,[],0
18,F.;Electron microscope,"C., J.O.Y.D.; J, B.R.I.A.N.",F.;Electron microscope,C,C F.;Electron microscope pdf,[],0
19,FLOWERS M.;KOSSEK S.;Scanning electron microscopy[online].[cit. 2020-03-18,,FLOWERS M.;KOSSEK S.;Scanning electron microscopy].[cit. 2020-03-18,nan,nan FLOWERS M.;KOSSEK S.;Scanning electron microscopy].[cit. 2020-03-18 pdf,[],0
20,FEI Company Tools for nanotech. Allyou wanted to know about electron microscopy but didn ́t dare to ask![online,,FEI Company Tools for nanotech. Allyou wanted to know about electron microscopy but didn ́t dare to ask!,nan,nan FEI Company Tools for nanotech. Allyou wanted to know about electron microscopy but didn ́t dare to ask! pdf,['https://web.pdx.edu/~pmoeck/pdf/all%20you%20wanted%20to%20know%20about%20electron%20microscopy.pdf'],1
21,P.;PRIYANKA;Scanning Electron Microscope: Advantages and Disadvantages in Imaging Components,"CHOUDHARY, O.",P.;PRIYANKA;Scanning Electron Microscope: Advantages and Disadvantages in Imaging Components,CHOUDHARY,CHOUDHARY P.;PRIYANKA;Scanning Electron Microscope: Advantages and Disadvantages in Imaging Components pdf,['https://www.ijcmas.com/6-5-2017/Om%20Prakash%20Choudhary%20and%20Priyanka.pdf'],1
22,H.;THOLLET G.;BASSET D.;GAUTHIER C.;A history of scanning electron microscopy developments: Towards „wet-STEM’’ imaging[online].[cit. 2020-04-12,"A., B.O.G.N.E.R.; P, J.O.U.N.E.A.U.",H.;THOLLET G.;BASSET D.;GAUTHIER C.;A history of scanning electron microscopy developments: Towards „wet-STEM’’ imaging].[cit. 2020-04-12,A,A H.;THOLLET G.;BASSET D.;GAUTHIER C.;A history of scanning electron microscopy developments: Towards „wet-STEM’’ imaging].[cit. 2020-04-12 pdf,['https://reader.elsevier.com/reader/sd/pii/S0968432806001016?token=7DFF3A5B5441961DFA3FC9111544CE7DBA5FF4B2CBEC39181ACB2D969523615D2024767D999AC2738A49CF54E1CBEB91&originRegion=eu-west-1&originCreation=20230317194704'],1
23,THE UNIVERSITY OF IOWA. Scanning electron microscopy.[online].[cit. 2020-04-12,"FACILITY, C.E.N.T.R.A.L.M.I.C.R.O.S.C.O.P.Y.R.E.S.E.A.R.C.H.",THE UNIVERSITY OF IOWA. Scanning electron microscopy.].[cit. 2020-04-12,FACILITY,FACILITY THE UNIVERSITY OF IOWA. Scanning electron microscopy.].[cit. 2020-04-12 pdf,['https://www.researchgate.net/publication/342630209_Teaching_Microscopy_At_Iowa_State_University'],0
24,G.;Cryo-EM structures of the ATP release channel pannexin 1,"Z., D.E.N.G.; Z., H.E.; M.A.K.S.A.E.V.",G.;Cryo-EM structures of the ATP release channel pannexin 1,Z,Z G.;Cryo-EM structures of the ATP release channel pannexin 1 pdf,['https://www.researchgate.net/publication/338413788_Cryo-EM_structures_of_the_ATP_release_channel_pannexin_1'],1
